mysql> select * from course;
+----------+------------+----------+-------+
| courseId | courseName | duration | fee   |
+----------+------------+----------+-------+
|        1 | Java       |        2 | 25000 |
+----------+------------+----------+-------+
1 row in set (0.00 sec)

mysql> select * from course_student;
+-----------------+-----------------+
| Course_courseId | students_rollNo |
+-----------------+-----------------+
|               1 |               1 |
+-----------------+-----------------+
1 row in set (0.00 sec)

mysql> select * from student;
+--------+-----------------+-----------+-------+-----------------+
| rollNo | email           | mobile    | name  | course_courseId |
+--------+-----------------+-----------+-------+-----------------+
|      1 | sahil@gmail.com | 987654321 | Sahil |               1 |
+--------+-----------------+-----------+-------+-----------------+
1 row in set (0.00 sec)
